run_id,dataset_name,use_fully_adj,num_hidden_layers,learning_rate,epochs,C,score,time_taken
cc1b129d-e4d5-414a-a9d4-7029b201823b,Cora,False,1,0.00010238921419816772,772,0.0004723465554111508,0.799,3.3088154792785645
f7f85a4b-edd1-4b5e-a3b9-9f818b108052,Cora,False,1,0.00010238921419816772,772,0.0004723465554111508,0.797,3.304304599761963
970df80a-c3a4-40e7-9f3d-8501b02734c0,Cora,False,1,0.00010238921419816772,772,0.0004723465554111508,0.796,3.286419153213501
aef5d1fc-7845-4d64-b105-f578cd48ae83,Cora,False,1,0.00010238921419816772,772,0.0004723465554111508,0.793,3.297377109527588
830f30df-5fd8-4644-99ea-39b9793188a0,Cora,False,1,0.00010238921419816772,772,0.0004723465554111508,0.791,3.2938008308410645
d111f3aa-7014-44ba-8749-4e5b857de91a,Cora,False,1,0.00010238921419816772,772,0.0004723465554111508,0.814,3.3044180870056152
a4c4a8a9-f951-411c-94a4-be818dff7e0e,Cora,False,1,0.00010238921419816772,772,0.0004723465554111508,0.801,3.3066465854644775
fce93d46-ff04-440d-b550-b1a5dc1d3ddd,Cora,False,1,0.00010238921419816772,772,0.0004723465554111508,0.789,3.3197033405303955
60e50348-abf6-414e-9f1c-e832ff601821,Cora,False,1,0.00010238921419816772,772,0.0004723465554111508,0.791,3.312199831008911
60222a3b-859d-4ee9-890d-4bc025f1cebd,Cora,False,1,0.00010238921419816772,772,0.0004723465554111508,0.793,3.3333330154418945
cf485df2-5fd3-43e6-bf5a-d5053339d155,Cora,False,1,0.00010238921419816772,772,0.0004723465554111508,0.796,3.307351589202881
19e4a894-e7fd-4e5f-a637-ef0c1a79573f,Cora,False,1,0.00010238921419816772,772,0.0004723465554111508,0.8,3.2983078956604004
3f22f08e-56ff-4c36-a649-201981f1574b,Cora,False,1,0.00010238921419816772,772,0.0004723465554111508,0.803,3.2984163761138916
a7e9ff67-2e2e-49dd-b66d-a2a543024dad,Cora,False,1,0.00010238921419816772,772,0.0004723465554111508,0.788,3.307459831237793
04498d7f-0820-4830-9428-4abb1d4aa5de,Cora,False,1,0.00010238921419816772,772,0.0004723465554111508,0.806,3.29520583152771
39e7ec2d-0aa4-47c5-839c-7b1a95a4eb84,Cora,False,2,0.000627355705100665,516,0.00010099575370564726,0.8,2.878446340560913
ea40fd21-37a8-44da-9caf-93ffe2921ae3,Cora,False,2,0.000627355705100665,516,0.00010099575370564726,0.773,2.880103588104248
1230bad3-f06a-4d0f-be6c-f7e2776e9562,Cora,False,2,0.000627355705100665,516,0.00010099575370564726,0.781,2.8786263465881348
4d0f9688-db71-4e54-a34a-0512e0635ec6,Cora,False,2,0.000627355705100665,516,0.00010099575370564726,0.749,2.872025966644287
e438b896-cb94-4a00-b50b-9d49e87b37cc,Cora,False,2,0.000627355705100665,516,0.00010099575370564726,0.77,2.8780360221862793
5b3fcd42-ead9-426b-9c54-fb37d566f98e,Cora,False,2,0.000627355705100665,516,0.00010099575370564726,0.775,2.8968915939331055
44407857-1778-4083-b6d7-e10c8ec35054,Cora,False,2,0.000627355705100665,516,0.00010099575370564726,0.792,2.8899195194244385
6ce4febe-3e2c-4fe4-b487-a467341943df,Cora,False,2,0.000627355705100665,516,0.00010099575370564726,0.769,2.873175859451294
ccd4ed5c-676d-4e0b-98da-92eef6de53e9,Cora,False,2,0.000627355705100665,516,0.00010099575370564726,0.779,2.9230988025665283
b8078c84-ee99-42e4-8d17-b0d50350a58d,Cora,False,2,0.000627355705100665,516,0.00010099575370564726,0.781,2.8830974102020264
816c4487-a29f-44ed-a388-af612fb100f2,Cora,False,2,0.000627355705100665,516,0.00010099575370564726,0.767,3.009345769882202
436ea434-01e4-44f5-a95e-25383d4437ad,Cora,False,2,0.000627355705100665,516,0.00010099575370564726,0.768,2.9547314643859863
33b3a8ca-211e-4409-883f-f52fb9d29990,Cora,False,2,0.000627355705100665,516,0.00010099575370564726,0.772,3.110274076461792
2587fa70-1663-4f4c-9500-dc2de60d2f77,Cora,False,2,0.000627355705100665,516,0.00010099575370564726,0.774,2.937485933303833
63be0e18-26f8-47f8-8213-e26a9aa2f2e4,Cora,False,2,0.000627355705100665,516,0.00010099575370564726,0.791,2.926500082015991
75e2299b-01ad-4227-a369-befe627dd830,Cora,False,3,0.004724202051620148,102,0.0001050194752108354,0.705,0.6979238986968994
d616e53c-9d53-4606-bbf9-793ad2019796,Cora,False,3,0.004724202051620148,102,0.0001050194752108354,0.755,0.7133240699768066
95fc415b-5d7f-409b-b554-06358671a21b,Cora,False,3,0.004724202051620148,102,0.0001050194752108354,0.762,0.7023382186889648
78f8322e-4bae-4b82-b777-677ebeb82286,Cora,False,3,0.004724202051620148,102,0.0001050194752108354,0.761,0.7122671604156494
5d5b8c38-08c5-4d29-b3c8-d68fdc588a5a,Cora,False,3,0.004724202051620148,102,0.0001050194752108354,0.773,0.6949498653411865
9a322560-216f-46eb-909f-379d91ba8f8b,Cora,False,3,0.004724202051620148,102,0.0001050194752108354,0.756,0.6926374435424805
d462d524-0281-49cf-933a-d916d94e866d,Cora,False,3,0.004724202051620148,102,0.0001050194752108354,0.722,0.6930909156799316
f73d7c7c-11ea-43b4-a9ea-d3baa75cbdb2,Cora,False,3,0.004724202051620148,102,0.0001050194752108354,0.776,0.6950161457061768
abb9add5-b443-4f97-a02b-6cff9b932c3f,Cora,False,3,0.004724202051620148,102,0.0001050194752108354,0.744,0.698279857635498
031c8321-c069-484f-b638-594c9f098897,Cora,False,3,0.004724202051620148,102,0.0001050194752108354,0.73,0.6977128982543945
4bfd0496-fef6-492e-b238-5f81253432f6,Cora,False,3,0.004724202051620148,102,0.0001050194752108354,0.74,0.6949763298034668
ac970076-3298-4347-87d0-d63fd89319dc,Cora,False,3,0.004724202051620148,102,0.0001050194752108354,0.783,0.6932151317596436
bb3b5085-e5dc-441b-80eb-3c05fc1fca88,Cora,False,3,0.004724202051620148,102,0.0001050194752108354,0.754,0.6930599212646484
33ca4bb7-ef13-4fdd-841f-0284e6cdfdc9,Cora,False,3,0.004724202051620148,102,0.0001050194752108354,0.766,0.6942791938781738
827bc200-2035-4311-9dae-ac92fd2468e7,Cora,False,3,0.004724202051620148,102,0.0001050194752108354,0.754,0.693018913269043
faf9f80f-2a76-4178-a171-c7b1e0f3b94b,Cora,True,1,0.00020412746087102658,563,0.0018736507041813809,0.779,3.457521677017212
10aa900f-adaa-49e4-ac74-8f2b1273d944,Cora,True,1,0.00020412746087102658,563,0.0018736507041813809,0.782,3.2674267292022705
cd97ff68-8898-44e2-a7b4-b1b76853eee4,Cora,True,1,0.00020412746087102658,563,0.0018736507041813809,0.784,3.25529146194458
a6aeca05-7cd1-4adc-936f-96d624f361dd,Cora,True,1,0.00020412746087102658,563,0.0018736507041813809,0.778,3.2193946838378906
551a0f1d-6511-4b26-8bb8-2bca848b5aa0,Cora,True,1,0.00020412746087102658,563,0.0018736507041813809,0.773,3.2220029830932617
2b36183c-7015-4391-bc2b-7ae6b2adbed8,Cora,True,1,0.00020412746087102658,563,0.0018736507041813809,0.773,3.239593744277954
6731b9e8-a34a-4624-a6ce-973dfbdeeadb,Cora,True,1,0.00020412746087102658,563,0.0018736507041813809,0.774,3.2114200592041016
66c1027b-6512-4ccc-8382-d3126810065a,Cora,True,1,0.00020412746087102658,563,0.0018736507041813809,0.763,3.234659433364868
e32d1063-a5eb-4fe6-8078-68a4c45e3c9a,Cora,True,1,0.00020412746087102658,563,0.0018736507041813809,0.767,3.216212511062622
9e4655fe-243e-4476-9525-c71968c91cdd,Cora,True,1,0.00020412746087102658,563,0.0018736507041813809,0.777,3.215677499771118
cb51acf5-a204-47c8-b9d8-4a757b25caab,Cora,True,1,0.00020412746087102658,563,0.0018736507041813809,0.777,3.204845905303955
bb91d674-f205-4803-bc40-bd2f2330c7e6,Cora,True,1,0.00020412746087102658,563,0.0018736507041813809,0.766,3.2131757736206055
d79d7f12-d412-4a67-9ef1-5bf56d04a199,Cora,True,1,0.00020412746087102658,563,0.0018736507041813809,0.762,3.2186007499694824
9585b789-66d7-409f-8359-f9df5cf6ab6c,Cora,True,1,0.00020412746087102658,563,0.0018736507041813809,0.783,3.2342426776885986
68e04b94-1dd4-4d89-8a47-d1debf09cfa9,Cora,True,1,0.00020412746087102658,563,0.0018736507041813809,0.762,3.2452616691589355
eac25afc-1c97-46ba-aa4e-ce6f040c053a,Cora,True,2,0.00029375384576328276,171,0.0015751320499779724,0.777,1.206162929534912
d2c43427-295e-4423-8cd1-c20fdd1608da,Cora,True,2,0.00029375384576328276,171,0.0015751320499779724,0.706,1.2038466930389404
7b3f0cce-ef0c-45e2-befe-0360ae691bbf,Cora,True,2,0.00029375384576328276,171,0.0015751320499779724,0.762,1.2022254467010498
cef0e00b-210b-43fa-a6c3-4f670986a5f7,Cora,True,2,0.00029375384576328276,171,0.0015751320499779724,0.695,1.2178843021392822
17de8650-08ac-4a17-8789-4b175c64fc77,Cora,True,2,0.00029375384576328276,171,0.0015751320499779724,0.78,1.224776268005371
70d89256-d99d-4c32-9c4e-6315eac599c7,Cora,True,2,0.00029375384576328276,171,0.0015751320499779724,0.785,1.2061400413513184
61b76673-255d-4435-acec-00eff4d85e71,Cora,True,2,0.00029375384576328276,171,0.0015751320499779724,0.703,1.2067677974700928
e63be29a-c4fa-44e6-940a-889ba3cf4f88,Cora,True,2,0.00029375384576328276,171,0.0015751320499779724,0.783,1.2003893852233887
1b75375b-3207-4be1-8142-379ae055cd0d,Cora,True,2,0.00029375384576328276,171,0.0015751320499779724,0.718,1.2030024528503418
7e032619-fbf9-4b52-a805-293704247957,Cora,True,2,0.00029375384576328276,171,0.0015751320499779724,0.74,1.2045984268188477
b92bc047-7ce8-4da5-ab55-d0704faea764,Cora,True,2,0.00029375384576328276,171,0.0015751320499779724,0.779,1.2070121765136719
6f751639-6ecb-4ad6-8783-60797b5005ec,Cora,True,2,0.00029375384576328276,171,0.0015751320499779724,0.762,1.2047455310821533
2d8f4a34-211f-4c61-96b8-40e42e33ca80,Cora,True,2,0.00029375384576328276,171,0.0015751320499779724,0.7,1.2041339874267578
0e660e79-16c5-4151-97db-7b7cbb576fc5,Cora,True,2,0.00029375384576328276,171,0.0015751320499779724,0.697,1.2030246257781982
5489e004-541a-452d-8a85-a1b69bf04dc6,Cora,True,2,0.00029375384576328276,171,0.0015751320499779724,0.783,1.1991381645202637
f09aeaaf-331a-4ea0-b9a4-1a4286df72b3,Cora,True,3,0.00019121417325779845,1957,0.0004135885211601152,0.748,16.347858905792236
5453e1d2-4029-462c-aa08-024a9f3e060b,Cora,True,3,0.00019121417325779845,1957,0.0004135885211601152,0.693,16.252392292022705
e3eef6d3-810b-48e1-9b5e-cd210073d639,Cora,True,3,0.00019121417325779845,1957,0.0004135885211601152,0.692,16.30452609062195
c42baac7-a469-4bfa-84b7-21a116ac5661,Cora,True,3,0.00019121417325779845,1957,0.0004135885211601152,0.645,16.34434962272644
6ec31af5-861a-4721-96b1-cd98a42bcef9,Cora,True,3,0.00019121417325779845,1957,0.0004135885211601152,0.698,16.290457487106323
20c60839-8a10-4b20-aec0-778d4b92a401,Cora,True,3,0.00019121417325779845,1957,0.0004135885211601152,0.678,16.245129823684692
c110a679-b5a6-46d1-b282-df38e33c5de2,Cora,True,3,0.00019121417325779845,1957,0.0004135885211601152,0.748,16.313507795333862
5637ae78-99e2-4376-a677-276355558116,Cora,True,3,0.00019121417325779845,1957,0.0004135885211601152,0.747,16.26531720161438
deeac0c2-a5e6-46d8-8e80-26e6f7e11e96,Cora,True,3,0.00019121417325779845,1957,0.0004135885211601152,0.731,16.26361107826233
6f6a5971-8464-456e-ad3a-d8151beed4b4,Cora,True,3,0.00019121417325779845,1957,0.0004135885211601152,0.718,16.234513759613037
7c983748-b176-480a-98e8-4e896c19af30,Cora,True,3,0.00019121417325779845,1957,0.0004135885211601152,0.7,16.24587106704712
d1413fc6-b730-4ae2-994e-3c9968877be5,Cora,True,3,0.00019121417325779845,1957,0.0004135885211601152,0.734,16.35538601875305
282f2856-0e72-40e8-86f3-b6971e73b9a2,Cora,True,3,0.00019121417325779845,1957,0.0004135885211601152,0.692,16.330829620361328
264fc52e-2a2a-469c-a8ff-223974bc5601,Cora,True,3,0.00019121417325779845,1957,0.0004135885211601152,0.752,16.277307271957397
c74e4079-4c57-4a20-bc31-3afb4f235fcf,Cora,True,3,0.00019121417325779845,1957,0.0004135885211601152,0.753,16.274820566177368
879b8903-50a4-47ad-a334-799c9f074feb,CiteSeer,False,1,0.006358358856676252,1992,0.00013066739238053285,0.661,12.403602123260498
b19ba261-5e48-4d1a-9f04-ec155d09026b,CiteSeer,False,1,0.006358358856676252,1992,0.00013066739238053285,0.666,12.089036464691162
7302d94c-f845-4b99-8dc2-6788e689287b,CiteSeer,False,1,0.006358358856676252,1992,0.00013066739238053285,0.638,12.200244665145874
ee4d93ae-9203-41b6-b2bd-cb1b8ced00cd,CiteSeer,False,1,0.006358358856676252,1992,0.00013066739238053285,0.661,12.187009811401367
e89dde53-8a7e-4306-9d97-5eeb905973e7,CiteSeer,False,1,0.006358358856676252,1992,0.00013066739238053285,0.64,12.009543180465698
1a71930f-8c23-45db-94ba-b93c9263515d,CiteSeer,False,1,0.006358358856676252,1992,0.00013066739238053285,0.633,11.973071813583374
98ebceff-3596-4a2b-9349-80d88f722eb4,CiteSeer,False,1,0.006358358856676252,1992,0.00013066739238053285,0.657,11.924919605255127
903337e4-24b8-493f-a8f8-7020c0782def,CiteSeer,False,1,0.006358358856676252,1992,0.00013066739238053285,0.662,11.968332529067993
4eb0ad3c-1b57-4b9a-895b-0cbdeb2ef0e3,CiteSeer,False,1,0.006358358856676252,1992,0.00013066739238053285,0.629,12.130897521972656
56a5069b-4bde-4c86-8dc3-ce4ed34a6c9f,CiteSeer,False,1,0.006358358856676252,1992,0.00013066739238053285,0.665,12.010190486907959
34c65f56-91f4-4b78-9037-64ef964d740e,CiteSeer,False,1,0.006358358856676252,1992,0.00013066739238053285,0.656,11.973923683166504
c80b4ff0-c0da-433c-b7c2-efac869ae7bd,CiteSeer,False,1,0.006358358856676252,1992,0.00013066739238053285,0.662,11.926218509674072
48286d4e-6aae-4abe-bf18-e5a4f653aab0,CiteSeer,False,1,0.006358358856676252,1992,0.00013066739238053285,0.66,11.979369401931763
72a899f4-575a-4950-bf4c-b75d5ad42dbd,CiteSeer,False,1,0.006358358856676252,1992,0.00013066739238053285,0.638,12.090461015701294
508f83d7-9c84-4d63-a9ab-22d81b14ff58,CiteSeer,False,1,0.006358358856676252,1992,0.00013066739238053285,0.618,12.493875741958618
6cd131b4-c62e-4ffd-bd35-474fe0601416,CiteSeer,False,2,0.00010074323642630598,424,0.0006533356168144733,0.655,8.862120866775513
b8d27c1e-a2ec-4dd7-ad2e-2f4b41cd3788,CiteSeer,False,2,0.00010074323642630598,424,0.0006533356168144733,0.668,8.858498573303223
60cc3136-29cb-41c6-894a-1a102d6b2f24,CiteSeer,False,2,0.00010074323642630598,424,0.0006533356168144733,0.576,8.761359930038452
0c1e4783-fd68-449a-be97-ad107f548f70,CiteSeer,False,2,0.00010074323642630598,424,0.0006533356168144733,0.543,8.431791305541992
7257ed35-0162-4e0c-9c3e-b1a491822158,CiteSeer,False,2,0.00010074323642630598,424,0.0006533356168144733,0.657,8.663883686065674
4e684035-93e6-4fce-8435-f106c58934f4,CiteSeer,False,2,0.00010074323642630598,424,0.0006533356168144733,0.634,8.344690799713135
66c9af69-b587-47ab-816a-59b712da6f7e,CiteSeer,False,2,0.00010074323642630598,424,0.0006533356168144733,0.619,7.884703636169434
894cadaa-0b72-46dc-ad51-b12cc7e7f615,CiteSeer,False,2,0.00010074323642630598,424,0.0006533356168144733,0.605,8.041467666625977
7a079b8f-54eb-46b4-8aed-0dcfa858a712,CiteSeer,False,2,0.00010074323642630598,424,0.0006533356168144733,0.654,8.228740215301514
93998307-29b4-431b-87e5-b2265cc3f3f6,CiteSeer,False,2,0.00010074323642630598,424,0.0006533356168144733,0.66,8.628032922744751
d94e2fef-98bf-4cae-a387-9f9ee9f963e5,CiteSeer,False,2,0.00010074323642630598,424,0.0006533356168144733,0.594,8.792143106460571
dbfadc95-6ba6-458e-85af-1d8e7119070b,CiteSeer,False,2,0.00010074323642630598,424,0.0006533356168144733,0.663,8.759294986724854
93d77a30-aa9a-48fb-8c19-b10668e47237,CiteSeer,False,2,0.00010074323642630598,424,0.0006533356168144733,0.647,8.774555683135986
8a8b4056-d42f-4686-b4a5-991896fe855e,CiteSeer,False,2,0.00010074323642630598,424,0.0006533356168144733,0.637,8.736722230911255
5829a74c-ce38-45c3-a71d-beb076190f79,CiteSeer,False,2,0.00010074323642630598,424,0.0006533356168144733,0.545,8.490672826766968
aad3edeb-4491-408a-8cbf-b82ef1d62c5c,PubMed,False,1,0.09236613486100742,118,0.0028311538539883886,0.622,3.0052671432495117
78596b67-9366-4ddb-89d0-9fd536464d82,PubMed,False,1,0.09236613486100742,118,0.0028311538539883886,0.783,3.0056543350219727
75cce312-f77f-452e-9566-18ea743b44d5,PubMed,False,1,0.09236613486100742,118,0.0028311538539883886,0.664,3.001394271850586
e518f5a5-4425-402c-aa94-d298ea176984,PubMed,False,1,0.09236613486100742,118,0.0028311538539883886,0.69,3.006300449371338
4a968051-b7bb-4e2c-a47e-bcaaf6d5d19e,PubMed,False,1,0.09236613486100742,118,0.0028311538539883886,0.737,3.001352310180664
350b740e-6674-401e-84e0-89a72b0303f7,PubMed,False,1,0.09236613486100742,118,0.0028311538539883886,0.625,2.998627185821533
1ca80d81-e932-484a-859a-9c897c08ae2f,PubMed,False,1,0.09236613486100742,118,0.0028311538539883886,0.688,2.986537456512451
7fb71a3d-df8a-4fd4-b415-3f17393bbf5b,PubMed,False,1,0.09236613486100742,118,0.0028311538539883886,0.728,2.9984428882598877
19708a47-dfea-4805-ac80-5c64b396627a,PubMed,False,1,0.09236613486100742,118,0.0028311538539883886,0.78,3.008107900619507
226db632-2dd4-4a0b-b658-18f8d860c7d0,PubMed,False,1,0.09236613486100742,118,0.0028311538539883886,0.781,2.9940760135650635
e24125ba-2d35-4aa1-8fa9-038cdc707a44,PubMed,False,1,0.09236613486100742,118,0.0028311538539883886,0.785,3.000584602355957
1001d2d1-0a31-40ff-af46-8dc6b4eb3e53,PubMed,False,1,0.09236613486100742,118,0.0028311538539883886,0.779,2.9948415756225586
f8b6abd1-7614-4bec-9e55-49d95e21574b,PubMed,False,1,0.09236613486100742,118,0.0028311538539883886,0.779,3.0034613609313965
f9f52998-2256-4555-9b8f-49585d70671e,PubMed,False,1,0.09236613486100742,118,0.0028311538539883886,0.762,3.0027525424957275
0f2fe94d-0b66-4eaf-a62b-b47c8a7a10f7,PubMed,False,1,0.09236613486100742,118,0.0028311538539883886,0.662,3.0002379417419434
1f6d05cc-60c7-44a3-bdc5-1496b9e8c444,CiteSeer,False,3,0.001103541076195207,101,0.00040205382543401425,0.564,2.608745813369751
8cc35498-f71b-45c8-9d25-35cbbbff081f,CiteSeer,False,3,0.001103541076195207,101,0.00040205382543401425,0.493,2.6191658973693848
91d476c4-cd19-4b25-ac7c-1d16631371b4,CiteSeer,False,3,0.001103541076195207,101,0.00040205382543401425,0.609,2.6314125061035156
45b0b514-56c1-4e6d-b2f7-1fb279c68175,CiteSeer,False,3,0.001103541076195207,101,0.00040205382543401425,0.521,2.618375539779663
757dfaef-9e4b-4788-9554-80ab1aff7c81,CiteSeer,False,3,0.001103541076195207,101,0.00040205382543401425,0.557,2.5908119678497314
04d4d84a-5248-43d5-bcc0-a12b7d5ab465,CiteSeer,False,3,0.001103541076195207,101,0.00040205382543401425,0.591,2.601879596710205
c6d14790-39f7-410b-af43-59eca5c7cd50,CiteSeer,False,3,0.001103541076195207,101,0.00040205382543401425,0.604,2.629112958908081
fc3e01de-cb3e-4cf7-8fd1-84589ed6c5a2,CiteSeer,False,3,0.001103541076195207,101,0.00040205382543401425,0.591,2.6224212646484375
c7b01865-d8ae-4a54-9e11-8e04a57bbcd8,CiteSeer,False,3,0.001103541076195207,101,0.00040205382543401425,0.626,2.6075854301452637
fb6d4fce-a5cc-4e5a-836c-593f912503ec,CiteSeer,False,3,0.001103541076195207,101,0.00040205382543401425,0.608,2.6404941082000732
0f231290-9cfc-48b6-8f5e-df9e8cdff1f4,CiteSeer,False,3,0.001103541076195207,101,0.00040205382543401425,0.589,2.6121811866760254
62885ae2-02ba-4ea0-92a2-38f9aa84311f,CiteSeer,False,3,0.001103541076195207,101,0.00040205382543401425,0.62,2.6285293102264404
205fb43a-8882-49dc-85d4-fce0f4420ea0,CiteSeer,False,3,0.001103541076195207,101,0.00040205382543401425,0.54,2.653362512588501
33d99cd8-acec-4d1b-84ab-80cec81822a8,CiteSeer,False,3,0.001103541076195207,101,0.00040205382543401425,0.504,2.624969005584717
7f78ac4b-598d-4cb3-acc6-854797166a03,CiteSeer,False,3,0.001103541076195207,101,0.00040205382543401425,0.592,2.6170032024383545
7ec73efa-66a5-4317-854b-a0d744e985c9,CiteSeer,True,1,0.001011340539195726,325,0.0008091463938639493,0.651,7.146085977554321
f944c5de-cc04-46ad-87bf-aa515eafe1d3,CiteSeer,True,1,0.001011340539195726,325,0.0008091463938639493,0.648,7.106729984283447
683dccfa-0aad-4ddc-9658-04de7fc887e5,CiteSeer,True,1,0.001011340539195726,325,0.0008091463938639493,0.643,7.180227041244507
457b8590-4bef-446d-8622-553388c53e82,CiteSeer,True,1,0.001011340539195726,325,0.0008091463938639493,0.646,7.234969139099121
7773fbe4-17f8-4308-92ff-dc166c7f4aae,CiteSeer,True,1,0.001011340539195726,325,0.0008091463938639493,0.631,7.144201278686523
ee322edf-fe4c-4dfc-a3ba-9f2823a54f43,CiteSeer,True,1,0.001011340539195726,325,0.0008091463938639493,0.678,7.215299129486084
a93f4af2-c43c-45d1-a7c9-b703a1c35e35,CiteSeer,True,1,0.001011340539195726,325,0.0008091463938639493,0.645,7.195158004760742
a442d818-5b51-4a25-a914-2f4db850d758,CiteSeer,True,1,0.001011340539195726,325,0.0008091463938639493,0.644,7.149730682373047
05152c3f-c527-409c-a930-daafad7e9aeb,CiteSeer,True,1,0.001011340539195726,325,0.0008091463938639493,0.665,7.183351755142212
1fd7f9ff-5843-4568-bf1e-0b87ba24b741,CiteSeer,True,1,0.001011340539195726,325,0.0008091463938639493,0.653,7.1967549324035645
a1af5d7a-220d-4499-8909-1d72525db866,CiteSeer,True,1,0.001011340539195726,325,0.0008091463938639493,0.656,7.195113658905029
29e9eac9-457a-479d-b84a-9ea120255a3b,CiteSeer,True,1,0.001011340539195726,325,0.0008091463938639493,0.649,7.149235010147095
0d787c24-dde0-4aeb-aa4b-dafa316efae8,CiteSeer,True,1,0.001011340539195726,325,0.0008091463938639493,0.643,7.184900522232056
8fe42513-e071-48e4-a44c-4f8b1916da88,CiteSeer,True,1,0.001011340539195726,325,0.0008091463938639493,0.665,7.149039268493652
bedd9800-ecc7-425d-99ce-5fe3ac75de37,CiteSeer,True,1,0.001011340539195726,325,0.0008091463938639493,0.66,7.219349384307861
4c31be1c-33a6-486f-a344-ded6b8ba50bc,PubMed,False,2,0.00010080837948056947,571,0.0013199607216417676,0.778,21.9783775806427
6edba28d-f21c-4f75-b47c-9aab7ecd8e7b,PubMed,False,2,0.00010080837948056947,571,0.0013199607216417676,0.772,22.003766298294067
ee377cee-e197-4c83-badd-f2e9d629fa4e,PubMed,False,2,0.00010080837948056947,571,0.0013199607216417676,0.777,22.1184401512146
1b74a740-715b-4b87-b0b2-31260926eacd,PubMed,False,2,0.00010080837948056947,571,0.0013199607216417676,0.775,21.935502290725708
2235aa46-9ff2-409f-9e16-cfc74c6a7231,PubMed,False,2,0.00010080837948056947,571,0.0013199607216417676,0.767,21.93559765815735
8135064c-91e9-487f-af86-e8b275edad82,PubMed,False,2,0.00010080837948056947,571,0.0013199607216417676,0.77,22.018176555633545
168531a0-85da-4bae-8211-a8f92b44cd54,PubMed,False,2,0.00010080837948056947,571,0.0013199607216417676,0.766,22.131273984909058
20571395-c92c-4b03-b7da-77d7f730c50a,PubMed,False,2,0.00010080837948056947,571,0.0013199607216417676,0.77,22.146610498428345
92e7ea46-57f7-4ec3-976e-888cf2cc537a,PubMed,False,2,0.00010080837948056947,571,0.0013199607216417676,0.779,21.697218894958496
9bf6f6a9-0a7e-40e3-9e56-e4b0fc9e1a42,PubMed,False,2,0.00010080837948056947,571,0.0013199607216417676,0.764,21.85612463951111
1ace143b-1c0d-408a-ae6c-321690e090c5,PubMed,False,2,0.00010080837948056947,571,0.0013199607216417676,0.772,22.0019850730896
db197e92-9450-4273-b0fc-b9f9c3f133f0,PubMed,False,2,0.00010080837948056947,571,0.0013199607216417676,0.779,21.963507175445557
3744e647-b8a3-43af-8a76-6c36978ed319,PubMed,False,2,0.00010080837948056947,571,0.0013199607216417676,0.766,21.97157621383667
4124dbd2-8962-4ae1-9352-9ec16576e166,PubMed,False,2,0.00010080837948056947,571,0.0013199607216417676,0.774,22.01838707923889
5114d27e-70a7-4eb7-98f3-234f96342af9,PubMed,False,2,0.00010080837948056947,571,0.0013199607216417676,0.778,21.793627500534058
202545c5-47ea-4222-8e0b-7be12cbe47aa,CiteSeer,True,2,0.00019503269882528772,380,0.0002177822068776288,0.653,10.430229187011719
2188966e-2e54-4b79-ad3b-f3fd79b57cbf,CiteSeer,True,2,0.00019503269882528772,380,0.0002177822068776288,0.635,10.430086612701416
b4b8fe3c-fa32-402e-a754-d57ec40caa0f,CiteSeer,True,2,0.00019503269882528772,380,0.0002177822068776288,0.634,10.840687990188599
b4b6f817-ebfb-4577-bbaf-4592e16033bd,CiteSeer,True,2,0.00019503269882528772,380,0.0002177822068776288,0.634,11.095040798187256
aae43067-d996-4779-a30b-cb248d3977bd,CiteSeer,True,2,0.00019503269882528772,380,0.0002177822068776288,0.63,11.038715124130249
2246f3ec-062e-4acf-a61d-8ddbbb4a6922,CiteSeer,True,2,0.00019503269882528772,380,0.0002177822068776288,0.64,10.985512018203735
c9a1bac4-f1ea-4dee-8b77-c123f793fc22,CiteSeer,True,2,0.00019503269882528772,380,0.0002177822068776288,0.606,10.996423721313477
5157bb09-3706-4ae7-8984-9a90c1343606,CiteSeer,True,2,0.00019503269882528772,380,0.0002177822068776288,0.632,11.057916641235352
29dfdecc-03af-4ee7-954d-d1d70111ab45,CiteSeer,True,2,0.00019503269882528772,380,0.0002177822068776288,0.646,11.020584344863892
c266b127-a5a1-433b-abdb-09f8afea80d3,CiteSeer,True,2,0.00019503269882528772,380,0.0002177822068776288,0.625,10.998722314834595
b4fc12de-e143-4ce7-98fe-cde1689a603d,CiteSeer,True,2,0.00019503269882528772,380,0.0002177822068776288,0.588,10.93739628791809
cae8b4e6-cbaf-4a0f-8a64-4aae607c5976,CiteSeer,True,2,0.00019503269882528772,380,0.0002177822068776288,0.596,10.95077896118164
5fd813b1-9950-478b-8b61-d3a883d0632f,CiteSeer,True,2,0.00019503269882528772,380,0.0002177822068776288,0.629,11.021337032318115
33d507c6-001d-46fa-9ce7-d7879d607eba,CiteSeer,True,2,0.00019503269882528772,380,0.0002177822068776288,0.641,11.206590175628662
723274ef-57c1-4502-85bc-48a9b80538c8,CiteSeer,True,2,0.00019503269882528772,380,0.0002177822068776288,0.642,10.742725133895874
2226293b-5823-4f07-966e-59fa2e08ddbe,CiteSeer,True,3,0.006045059873219277,493,0.00010229453476568015,0.077,16.55019474029541
2b5b451e-a3a4-4f5f-bea3-dde5ee270d18,CiteSeer,True,3,0.006045059873219277,493,0.00010229453476568015,0.607,16.606876134872437
6fb84775-8b7d-406a-af85-c214836e4938,CiteSeer,True,3,0.006045059873219277,493,0.00010229453476568015,0.607,16.541101932525635
f244f849-1d0e-4dfc-b719-bc316494bf0c,CiteSeer,True,3,0.006045059873219277,493,0.00010229453476568015,0.181,16.605695962905884
76e91f8d-5f8d-48ff-903d-46b74277fc2c,CiteSeer,True,3,0.006045059873219277,493,0.00010229453476568015,0.182,16.542218685150146
8d034ffa-2d0f-4939-af5e-7794449a11ed,CiteSeer,True,3,0.006045059873219277,493,0.00010229453476568015,0.635,16.600177764892578
b03f20aa-0c70-4072-93d0-5380fd776bcb,CiteSeer,True,3,0.006045059873219277,493,0.00010229453476568015,0.182,16.234445095062256
977a81c5-72f9-48c1-88cf-52b998609362,CiteSeer,True,3,0.006045059873219277,493,0.00010229453476568015,0.171,16.18037724494934
3196564f-3eb3-4074-aa05-8d145bf5534c,CiteSeer,True,3,0.006045059873219277,493,0.00010229453476568015,0.639,16.353436708450317
57798e33-e9f0-4b6a-baeb-2fadadce3b52,CiteSeer,True,3,0.006045059873219277,493,0.00010229453476568015,0.213,15.94340968132019
2c429cc7-fcb1-4b33-bca1-2963097b96db,CiteSeer,True,3,0.006045059873219277,493,0.00010229453476568015,0.077,16.344208002090454
b9ebb4ae-ba02-4dd1-8fa2-f0913f459352,CiteSeer,True,3,0.006045059873219277,493,0.00010229453476568015,0.641,16.37153720855713
ec378c8c-1c25-44fc-8c55-6d0524304c16,CiteSeer,True,3,0.006045059873219277,493,0.00010229453476568015,0.325,16.43788719177246
66028086-89a7-4de6-8f54-8ca0d36b0c42,CiteSeer,True,3,0.006045059873219277,493,0.00010229453476568015,0.422,16.329163074493408
04da4bb5-80ea-4e1d-8a91-8cef095025db,CiteSeer,True,3,0.006045059873219277,493,0.00010229453476568015,0.077,16.326879501342773
9117c97c-1c79-4ae7-bafa-26c062b7dda2,PubMed,False,3,0.002019067860362628,102,0.0008479599484376573,0.766,5.647283554077148
4a912c6d-b354-4ba0-8de9-a2cc1d8140f5,PubMed,False,3,0.002019067860362628,102,0.0008479599484376573,0.771,5.648303508758545
51d25ba3-cc9b-4668-98b3-de4879d72a53,PubMed,False,3,0.002019067860362628,102,0.0008479599484376573,0.773,5.628990888595581
36febf97-ee26-4262-a78c-bc7b1306c924,PubMed,False,3,0.002019067860362628,102,0.0008479599484376573,0.763,5.646454811096191
907ad572-f0ee-44c8-bb47-d9c9b31afcc9,PubMed,False,3,0.002019067860362628,102,0.0008479599484376573,0.751,5.650014162063599
5b2a23f6-4dda-48ec-94f0-1b8c25b38e2e,PubMed,False,3,0.002019067860362628,102,0.0008479599484376573,0.75,5.6217851638793945
c2e8e723-4423-4bee-b896-c148cd764e19,PubMed,False,3,0.002019067860362628,102,0.0008479599484376573,0.757,5.65838360786438
2f760246-e7df-4542-ad84-62d475a7cf62,PubMed,False,3,0.002019067860362628,102,0.0008479599484376573,0.771,5.632871866226196
d13bc24e-e7c0-442f-bf0b-c8b1bde08bc8,PubMed,False,3,0.002019067860362628,102,0.0008479599484376573,0.75,5.654006242752075
6863f2ff-f052-4325-a3aa-8d39a58e64e4,PubMed,False,3,0.002019067860362628,102,0.0008479599484376573,0.744,5.662751913070679
6781a4d9-dce8-4cd6-89bc-8a9c38717089,PubMed,False,3,0.002019067860362628,102,0.0008479599484376573,0.767,5.629822015762329
3267580a-5f50-4f1c-8895-0cd8b39f6e8e,PubMed,False,3,0.002019067860362628,102,0.0008479599484376573,0.771,5.656070709228516
f98b5daa-9043-4e16-aa70-fc8a0a19b4fb,PubMed,False,3,0.002019067860362628,102,0.0008479599484376573,0.753,5.654452562332153
4c71cd02-9d39-43ed-b875-fa877502eeab,PubMed,False,3,0.002019067860362628,102,0.0008479599484376573,0.769,5.040760040283203
ab023d7b-7a1f-4928-b472-489a5a70e4fe,PubMed,False,3,0.002019067860362628,102,0.0008479599484376573,0.741,3.792968273162842
21026537-5743-445d-a0c7-58d1a67eee19,PubMed,True,1,0.0015437560709720135,103,0.002690302240303188,0.796,3.3725879192352295
7af798b0-9da7-4609-be65-c79639bd3e99,PubMed,True,1,0.0015437560709720135,103,0.002690302240303188,0.795,3.3647849559783936
0a258030-88e4-46d3-b871-d59274f9172d,PubMed,True,1,0.0015437560709720135,103,0.002690302240303188,0.786,3.366105318069458
593d93ab-3ab5-46c7-a7e8-45bd8d438ec6,PubMed,True,1,0.0015437560709720135,103,0.002690302240303188,0.785,3.364253520965576
db4a6fe2-1b19-400e-a2d5-9f08eddcbd4c,PubMed,True,1,0.0015437560709720135,103,0.002690302240303188,0.786,3.3671557903289795
ef6c4b9a-68fe-4b58-ac62-f481b9fe7133,PubMed,True,1,0.0015437560709720135,103,0.002690302240303188,0.793,3.377523183822632
23108e98-6f2d-480f-9f6b-428a06ad9dc1,PubMed,True,1,0.0015437560709720135,103,0.002690302240303188,0.783,3.3738112449645996
0a156a4a-bbba-4735-b262-c8fd149abb8f,PubMed,True,1,0.0015437560709720135,103,0.002690302240303188,0.788,3.3682234287261963
4ab3cb22-c82a-4ddb-8b95-65fe5ca3a94a,PubMed,True,1,0.0015437560709720135,103,0.002690302240303188,0.783,3.3631625175476074
caa2c078-b8fa-445f-8320-7df0a1ecb4d9,PubMed,True,1,0.0015437560709720135,103,0.002690302240303188,0.785,3.3651466369628906
ea18f365-4a5a-4d08-9aad-e0c08e172161,PubMed,True,1,0.0015437560709720135,103,0.002690302240303188,0.793,3.367210626602173
ef960bae-5626-4646-a1b3-a15943353e14,PubMed,True,1,0.0015437560709720135,103,0.002690302240303188,0.787,3.3701958656311035
f1eaae90-9cfb-4150-b31d-387a1f8595c3,PubMed,True,1,0.0015437560709720135,103,0.002690302240303188,0.794,3.362473964691162
0eb911e4-66e5-4587-93fd-c8007154a26e,PubMed,True,1,0.0015437560709720135,103,0.002690302240303188,0.787,3.3614342212677
52b57344-612e-46b2-87f5-fa6ce4c138ce,PubMed,True,1,0.0015437560709720135,103,0.002690302240303188,0.796,3.3647334575653076
bbb75462-757d-4f6b-98f1-a420d6aabb5f,PubMed,True,2,0.00046578829060118794,825,0.0014593510759400323,0.795,34.248719692230225
7b404728-a3d5-453f-b69b-c6b60732aee0,PubMed,True,2,0.00046578829060118794,825,0.0014593510759400323,0.794,34.24757695198059
2d0261f3-a0fe-4fe4-b1a6-c9ad4445e01a,PubMed,True,2,0.00046578829060118794,825,0.0014593510759400323,0.797,34.2794349193573
f7f8d173-971f-402c-856a-c2dad5df1b7c,PubMed,True,2,0.00046578829060118794,825,0.0014593510759400323,0.792,34.233744382858276
24a6e466-b736-463e-90a6-7f12ac401371,PubMed,True,2,0.00046578829060118794,825,0.0014593510759400323,0.792,34.28403449058533
489d61a2-b9a1-4b50-83ee-1975442ca9d4,PubMed,True,2,0.00046578829060118794,825,0.0014593510759400323,0.784,34.31008958816528
c5544447-059a-408d-a279-c20a42941839,PubMed,True,2,0.00046578829060118794,825,0.0014593510759400323,0.796,34.27797079086304
38c6080b-aa9c-459e-ad51-033ba396cd4e,PubMed,True,2,0.00046578829060118794,825,0.0014593510759400323,0.784,34.2802472114563
cba1a8fd-218e-49b2-b296-d6657cc1bcbe,PubMed,True,2,0.00046578829060118794,825,0.0014593510759400323,0.792,34.25247263908386
769baa66-3e56-4625-93e0-8d950700fe1e,PubMed,True,2,0.00046578829060118794,825,0.0014593510759400323,0.799,34.28662967681885
a1f3e596-0467-46c2-a017-eb3bcf938706,PubMed,True,2,0.00046578829060118794,825,0.0014593510759400323,0.792,34.21829056739807
02a3ed93-83fc-415b-8716-a4539ef080d2,PubMed,True,2,0.00046578829060118794,825,0.0014593510759400323,0.795,34.305331230163574
d972a100-dfcf-4ae8-ba44-26152fc3bc5d,PubMed,True,2,0.00046578829060118794,825,0.0014593510759400323,0.795,34.25679659843445
4ffff92d-23f9-4e75-ae93-a2913463c032,PubMed,True,2,0.00046578829060118794,825,0.0014593510759400323,0.796,34.25056791305542
f8376276-f387-444f-bc18-dd14ceeb436f,PubMed,True,2,0.00046578829060118794,825,0.0014593510759400323,0.795,34.24709630012512
1dca5620-1f2c-4147-b7e7-0c20bbe861cc,PubMed,True,3,0.0017618428251872462,100,0.0009339797271942405,0.785,5.012539863586426
09029752-f10e-4e73-9177-becd1428bd22,PubMed,True,3,0.0017618428251872462,100,0.0009339797271942405,0.79,5.013865232467651
1b73cb52-3d9e-4c87-a157-453b39fd0bb2,PubMed,True,3,0.0017618428251872462,100,0.0009339797271942405,0.789,5.0121331214904785
45202d56-0a86-48cd-8481-6db749d38f8e,PubMed,True,3,0.0017618428251872462,100,0.0009339797271942405,0.775,4.988548040390015
b39877d9-68d4-4571-8483-dae685ada9f1,PubMed,True,3,0.0017618428251872462,100,0.0009339797271942405,0.735,4.990441083908081
00b5f8ef-44db-4ce0-b74b-5036ec097966,PubMed,True,3,0.0017618428251872462,100,0.0009339797271942405,0.783,4.996474504470825
73e9f548-2335-445c-b19f-78f398f95fcf,PubMed,True,3,0.0017618428251872462,100,0.0009339797271942405,0.779,5.001981735229492
286cedc2-4627-4acc-881e-1f9526b07fb2,PubMed,True,3,0.0017618428251872462,100,0.0009339797271942405,0.759,4.997543573379517
d0489110-e650-450e-988d-4b59d427604d,PubMed,True,3,0.0017618428251872462,100,0.0009339797271942405,0.776,4.998786687850952
4b849945-f10c-454f-ba17-29a8294605d2,PubMed,True,3,0.0017618428251872462,100,0.0009339797271942405,0.777,4.999351978302002
34ff8b4c-4e84-4db7-8b01-887f2101ae3c,PubMed,True,3,0.0017618428251872462,100,0.0009339797271942405,0.783,5.00152587890625
316e8c86-e8f2-48eb-9a36-41d68ef36671,PubMed,True,3,0.0017618428251872462,100,0.0009339797271942405,0.777,4.996620416641235
4288b9b3-ebba-494f-8944-d24dc300b394,PubMed,True,3,0.0017618428251872462,100,0.0009339797271942405,0.777,4.993777275085449
2878f7ad-5ef9-46ed-9df5-971619b187eb,PubMed,True,3,0.0017618428251872462,100,0.0009339797271942405,0.768,5.0019590854644775
bf04ac94-d4ee-457c-8a49-23e5e7da9c53,PubMed,True,3,0.0017618428251872462,100,0.0009339797271942405,0.783,5.0040223598480225
5090f51e-1ce7-4582-ade9-8a7ea79b8bee,PubMed,False,1,0.09236613486100742,118,0.002831153853988391,0.732,2.783048391342163
614187e0-abdd-44ab-a70f-a7a7896eba77,PubMed,False,1,0.09236613486100742,118,0.002831153853988391,0.619,2.124760627746582
0f3db516-921a-4e4f-af13-64a71eb57b2f,PubMed,False,1,0.09236613486100742,118,0.002831153853988391,0.787,2.1126761436462402
201579e5-2a13-48b1-a0a7-2c99e3446fa6,PubMed,False,1,0.09236613486100742,118,0.002831153853988391,0.77,2.098900556564331
8cc7709f-65ab-42c6-a0cf-b15e7bd70d98,PubMed,False,1,0.09236613486100742,118,0.002831153853988391,0.76,2.1032509803771973
77171844-a07f-47d6-b59e-5da57a81bba1,PubMed,False,1,0.09236613486100742,118,0.002831153853988391,0.722,2.0981690883636475
27058690-fae1-4cff-9d1e-b93d619e2028,PubMed,False,1,0.09236613486100742,118,0.002831153853988391,0.668,2.0976710319519043
a1e6f05d-1820-4e8b-914d-44118542498a,PubMed,False,1,0.09236613486100742,118,0.002831153853988391,0.783,2.093651533126831
d8aa6337-7af7-4ecc-bbdf-22d20724fce5,PubMed,False,1,0.09236613486100742,118,0.002831153853988391,0.407,2.1029467582702637
826719f2-82fd-432f-a58e-a7a3d818fdd4,PubMed,False,1,0.09236613486100742,118,0.002831153853988391,0.18,2.1889195442199707
ad81fcb9-3c43-4d56-bd44-b1d3b2f56a24,PubMed,False,1,0.09236613486100742,118,0.002831153853988391,0.775,2.1070375442504883
f49273fa-7b14-469b-bb39-0efba78199cf,PubMed,False,1,0.09236613486100742,118,0.002831153853988391,0.768,2.123828411102295
908d05d0-5731-4ab6-a6d6-ae1ee1a5f41b,PubMed,False,1,0.09236613486100742,118,0.002831153853988391,0.773,2.116943120956421
c568d46d-caeb-4c4b-93ca-d6a707f51f35,PubMed,False,1,0.09236613486100742,118,0.002831153853988391,0.753,2.1011736392974854
9ca81d07-b072-4efb-8e92-52583cad10a6,PubMed,False,1,0.09236613486100742,118,0.002831153853988391,0.785,2.1023318767547607
941da4d2-d1b9-4be6-b478-c46e5f9d7827,PubMed,False,1,0.09236613486100742,118,0.002831153853988391,0.785,2.1031320095062256
da97128e-ed9e-40fb-8de8-38f36d4e57be,PubMed,False,1,0.09236613486100742,118,0.002831153853988391,0.743,2.096930980682373
c1b970f0-7254-42bf-a75a-0e0220149323,PubMed,False,1,0.09236613486100742,118,0.002831153853988391,0.784,2.099271297454834
143089c0-b6f7-4df9-bdb9-5184ca345290,PubMed,False,1,0.09236613486100742,118,0.002831153853988391,0.784,2.1019065380096436
2d6be9eb-98c4-441d-82a0-9c68d27ca743,PubMed,False,1,0.09236613486100742,118,0.002831153853988391,0.785,2.1044225692749023
a28d2923-ef10-4a2b-89ed-4f8ceddefbee,PubMed,False,1,0.09236613486100742,118,0.002831153853988391,0.714,2.1019418239593506
e4f45e15-0319-4be2-ab5d-cc7aed8546a5,PubMed,False,1,0.09236613486100742,118,0.002831153853988391,0.755,2.0993573665618896
0303ab9e-7790-429e-b43b-ffe416f4e646,PubMed,False,1,0.09236613486100742,118,0.002831153853988391,0.774,2.1032204627990723
e5becca0-cb95-437d-9c81-feb3829aea8b,PubMed,False,1,0.09236613486100742,118,0.002831153853988391,0.457,2.1064555644989014
c7966f44-3783-4828-a1bc-01b45e305751,PubMed,False,1,0.09236613486100742,118,0.002831153853988391,0.728,2.109064817428589
838f92c0-f6d0-4b2b-b756-183bd8744108,PubMed,False,1,0.09236613486100742,118,0.002831153853988391,0.18,2.1080024242401123
eaadbebf-d617-4394-af96-d6975f9ff679,PubMed,False,1,0.09236613486100742,118,0.002831153853988391,0.76,2.1186540126800537
be6da69c-82a0-4496-b21d-18035cb23719,PubMed,False,1,0.09236613486100742,118,0.002831153853988391,0.685,2.1047372817993164
186b9d8d-52d3-4e8c-a4d6-c9a4315b5f58,PubMed,False,1,0.09236613486100742,118,0.002831153853988391,0.765,2.1042776107788086
d1121ed9-8029-4580-9934-1ad44a6bdc28,PubMed,False,1,0.09236613486100742,118,0.002831153853988391,0.737,2.102797031402588
b5f0e1b0-7123-466d-ba74-3c71a6de76d3,PubMed,False,1,0.09236613486100742,118,0.002831153853988391,0.769,2.1038267612457275
54b965f2-5a56-4205-80c4-791f1a94a275,PubMed,False,1,0.09236613486100742,118,0.002831153853988391,0.526,2.1030263900756836
89e75a9d-21f5-4631-b8c5-1f092ddf389b,PubMed,False,1,0.09236613486100742,118,0.002831153853988391,0.751,2.0991814136505127
e134ee32-5573-46cf-bf50-1bd01bb398c8,PubMed,False,1,0.09236613486100742,118,0.002831153853988391,0.772,2.1007206439971924
92898a73-9707-4488-af06-94db7f7754a9,PubMed,False,1,0.09236613486100742,118,0.002831153853988391,0.704,2.1020994186401367
0bdd67ac-53a8-435b-95b9-489ad345716b,PubMed,False,1,0.09236613486100742,118,0.002831153853988391,0.755,2.1014251708984375
f70845d7-e4fc-4821-af39-2b49b013e1f4,PubMed,False,1,0.09236613486100742,118,0.002831153853988391,0.741,2.1048407554626465
8fd809e8-9894-41dc-865f-2cd66bc56406,PubMed,False,1,0.09236613486100742,118,0.002831153853988391,0.541,2.227362871170044
3b7c664d-bd57-4db8-971b-6d39520bf886,PubMed,False,1,0.09236613486100742,118,0.002831153853988391,0.779,2.1304378509521484
2ab606f2-384e-4f7d-b3a1-f74d321e8375,PubMed,False,1,0.09236613486100742,118,0.002831153853988391,0.77,2.1384520530700684
8b37f223-33c9-475b-b544-d3cc86de4257,PubMed,False,1,0.09236613486100742,118,0.002831153853988391,0.506,2.2172555923461914
e78f14bc-b077-456c-8cac-48786b4c44c6,PubMed,False,1,0.09236613486100742,118,0.002831153853988391,0.728,2.195624589920044
7d2f1456-3730-49cc-8225-cb695ce93a67,PubMed,False,1,0.09236613486100742,118,0.002831153853988391,0.765,2.228200674057007
3c02ff1d-36da-4cfd-bfdd-3e5c5b34b8ce,PubMed,False,1,0.09236613486100742,118,0.002831153853988391,0.746,2.230998992919922
45ca8aaf-6c8c-449d-8d8e-10e46732b68c,PubMed,False,1,0.09236613486100742,118,0.002831153853988391,0.751,2.2267236709594727
e58029b0-61b3-4190-963c-f127b3824328,PubMed,False,1,0.09236613486100742,118,0.002831153853988391,0.501,2.1395998001098633
41ca8c76-e822-4d03-988d-3e6b4dadb898,PubMed,False,1,0.09236613486100742,118,0.002831153853988391,0.708,2.1987082958221436
178cf78c-98c3-4408-8282-c58439b9ec1d,PubMed,False,1,0.09236613486100742,118,0.002831153853988391,0.75,2.1538805961608887
eb700207-d305-44f4-9781-6aa94503d6a8,PubMed,False,1,0.09236613486100742,118,0.002831153853988391,0.738,2.2305264472961426
ea52c449-f4a2-442e-8a39-1a4f673fecf5,PubMed,False,1,0.09236613486100742,118,0.002831153853988391,0.72,2.1957883834838867
